{
    "Version": "2012-10-17",
    "Statement": [
        {
            "Sid": "HIPAAEligibleServices",
            "Effect": "Deny",
            "NotAction": [
                "acm:*",
                "a4b:*",
                "access-analyzer:*",
                "amplify:*",
                "apigateway:*",
                "appflow:*",
                "application-autoscaling:*",
                "appmesh:*",
                "appstream:*",
                "appsync:*",
                "artifact:*",
                "athena:*",
                "autoscaling:*",
                "automation:*",
                "aws-portal:*",
                "backup:*",
                "backup-storage:*",
                "batch:*",
                "budgets:*",
                "cassandra:*",
                "ce:*",
                "chime:*",
                "cloud9:*",
                "clouddirectory:*",
                "cloudformation:*",
                "cloudfront:*",
                "cloudhsm:*",
                "cloudtrail:*",
                "cloudwatch:*",
                "codebuild:*",
                "codecommit:*",
                "codedeploy:*",
                "codepipeline:*",
                "cognito-identity:*",
                "cognito-idp:*",
                "cognito-sync:*",
                "comprehend:*",
                "comprehendmedical:*",
                "config:*",
                "connect:*",
                "controltower:*",
                "cur:*",
                "databrew:*",
                "dataexchange:*",
                "datasync:*",
                "detective:*",
                "directconnect:*",
                "dms:*",
                "ds:*",
                "dynamodb:*",
                "ebs:*",
                "ec2:*",
                "ec2messages:*",
                "ecr:*",
                "ecs:*",
                "eks:*",
                "elasticache:*",
                "elasticbeanstalk:*",
                "elasticfilesystem:*",
                "elasticloadbalancing:*",
                "elasticmapreduce:*",
                "es:*",
                "events:*",
                "execute-api:*",
                "firehose:*",
                "fms:*",
                "forecast:*",
                "freertos:*",
                "fsx:*",
                "geo:*",
                "glacier:*",
                "globalaccelerator:*",
                "glue:*",
                "greengrass:*",
                "guardduty:*",
                "healthlake:*",
                "iam:*",
                "importexport:*",
                "inspector2:*",
                "inspector:*",
                "iot:*",
                "iotfleethub:*",
                "iotevents:*",
                "kafka:*",
                "kendra:*",
                "kinesis:*",
                "kinesisanalytics:*",
                "kinesisvideo:*",
                "kms:*",
                "lambda:*",
                "lex:*",
                "license-manager:*",
                "logs:*",
                "macie2:*",
                "mediaconnect:*",
                "mediaconvert:*",
                "medialive:*",
                "mgh:*",
                "mgn:*",
                "mobiletargeting:*",
                "mq:*",
                "neptune-db:*",
                "network-firewall:*",
                "opsworks-cm:*",
                "opsworks:*",
                "organizations:*",
                "outposts:*",
                "personalize:*",
                "polly:*",
                "qldb:*",
                "quicksight:*",
                "ram:*",
                "rds:*",
                "rds-data:*",
                "rds-db:*",
                "redshift:*",
                "redshift-data:*",
                "rekognition:*",
                "resource-groups:*",
                "robomaker:*",
                "route53:*",
                "route53domains:*",
                "route53resolver:*",
                "s3:*",
                "sagemaker:*",
                "secretsmanager:*",
                "securityhub:*",
                "serverlessrepo:*",
                "servicecatalog:*",
                "servicediscovery:*",
                "ses:*",
                "shield:*",
                "sms:*",
                "snowball:*",
                "sns:*",
                "sqs:*",
                "ssm:*",
                "ssmmessages:*",
                "sso:*",
                "sso-directory:*",
                "states:*",
                "storagegateway:*",
                "sts:*",
                "support:*",
                "swf:*",
                "textract:*",
                "timestream:*",
                "transcribe:*",
                "transfer:*",
                "translate:*",
                "waf-regional:*",
                "waf:*",
                "wafv2:*",
                "workdocs:*",
                "worklink:*",
                "workspaces:*",
                "xray:*"
            ],
            "Resource": "*"
        }
    ]
}
