{
  "Version": "2012-10-17",
  "Statement": [
    {
      "Sid": "RestrictAwsServiceCalls",
      "Effect": "Deny",
      "Action": "*",
      "Resource": "*",
      "Condition": {
        "ArnNotLike": {
          "aws:PrincipalARN": [
            "arn:${PARTITION}:iam::*:role/${MANAGEMENT_ACCOUNT_ACCESS_ROLE}",
            "arn:${PARTITION}:iam::*:role/aws-controltower-CloudWatchLogsRole",
            "arn:${PARTITION}:iam::*:role/${ACCELERATOR_PREFIX}*",
            "arn:${PARTITION}:iam::*:role/cdk-accel-*"
          ]
        },
        "BoolIfExists": {
          "aws:PrincipalIsAWSService": "false"
        }
      }
    }
  ]
}
